strike,type,bid,ask,days
60,call,39.68,41.73,91
60,put,0.03,0.05,91
65,call,34.87,36.67,91
65,put,0.04,0.06,91
70,call,30.08,31.63,91
70,put,0.07,0.09,91
75,call,25.32,26.63,91
75,put,0.12,0.14,91
80,call,20.62,21.69,91
80,put,0.25,0.27,91
85,call,16.06,16.89,91
85,put,0.51,0.54,91
90,call,11.76,12.38,91
90,put,1.04,1.10,91
95,call,7.95,8.37,91
95,put,2.04,2.16,91
100,call,4.85,5.11,91
100,put,3.76,3.96,91
105,call,2.62,2.76,91
105,put,6.35,6.69,91
110,call,1.24,1.31,91
110,put,9.79,10.30,91
115,call,0.51,0.55,91
115,put,13.89,14.61,91
120,call,0.19,0.21,91
120,put,18.38,19.33,91
125,call,0.06,0.08,91
125,put,23.08,24.27,91
130,call,0.01,0.03,91
130,put,27.85,29.29,91
135,put,32.66,34.34,91
140,put,37.47,39.41,91
60,call,40.54,42.63,182
60,put,0.24,0.26,182
65,call,35.82,37.67,182
65,put,0.29,0.31,182
70,call,31.14,32.75,182
70,put,0.38,0.41,182
75,call,26.54,27.91,182
75,put,0.54,0.58,182
80,call,22.05,23.19,182
80,put,0.82,0.87,182
85,call,17.75,18.68,182
85,put,1.29,1.37,182
90,call,13.76,14.48,182
90,put,2.06,2.18,182
95,call,10.20,10.73,182
95,put,3.27,3.45,182
100,call,7.19,7.57,182
100,put,5.03,5.30,182
105,call,4.81,5.07,182
105,put,7.42,7.81,182
110,call,3.07,3.24,182
110,put,10.44,10.98,182
115,call,1.88,1.98,182
115,put,14.01,14.74,182
120,call,1.11,1.18,182
120,put,18.02,18.95,182
125,call,0.65,0.69,182
125,put,22.32,23.47,182
130,call,0.38,0.41,182
130,put,26.82,28.20,182
135,call,0.22,0.24,182
135,put,31.43,33.05,182
140,call,0.13,0.15,182
140,put,36.11,37.97,182
